Product,Price (EGP),Details,Link,Image
"Kenwood Sandwich Maker 3 in 1, Steel/Black, SMM01.AOBK",2099.00,Best Seller,https://www.amazon.eg/-/en/Kenwood-Sandwich-Maker-Steel-SMM01-AOBK/dp/B08XRRVVVX/ref=sr_1_1?dib=eyJ2IjoiMSJ9.3kDZ7JkT_PlsXu3Dk6jeIzgvHty31_v-FK2mt3iNqOi_a6pNxsldQM7FLDG_dSXt4LkSMFbBRS_C7qFS1XwArxUojxZL2EXu_8stuKCDXWa-pN-vEy7xM8VIw06qCfW39jtXiRxfQuf17ArwDlu0AuAz1rEns0ZYoLHr0AY6Y7_oyORuP6PNxIuGfAuOOdi5Q4gLsdK4TZhPmOnMFdOIOr9xov_lpTMLi0WiRYOCa_HcJySg1pSjehvjWw3rxckjkW9mMIryJsdluGKKOH5oNL92nUrrTOlaPsZcKeGnLQQ.oNQVr_chkhS3-1N-MrQUVi44jUfVHMp-3NJUGdpHvwU&dib_tag=se&keywords=hot+sandwich&qid=1777872833&sr=8-1,https://m.media-amazon.com/images/I/71i5xfEFxuL._AC_UL320_.jpg
Multifunctional Sandwich Maker – Make the Perfect Breakfast in Minutes – Compact Design & Easy to Clean – Fast Cooking & Delicious Results (Multi-Color),650.00,Multifunctional Sandwich Maker – Make the Perfect Breakfast in Minutes – Compact Design & Easy to Clean – Fast Cooking & Delicious Results (Multi-Color),https://www.amazon.eg/-/en/Multifunctional-Sandwich-Maker-Breakfast-Multi-Color/dp/B0F6VV9HF8/ref=sr_1_2?dib=eyJ2IjoiMSJ9.3kDZ7JkT_PlsXu3Dk6jeIzgvHty31_v-FK2mt3iNqOi_a6pNxsldQM7FLDG_dSXt4LkSMFbBRS_C7qFS1XwArxUojxZL2EXu_8stuKCDXWa-pN-vEy7xM8VIw06qCfW39jtXiRxfQuf17ArwDlu0AuAz1rEns0ZYoLHr0AY6Y7_oyORuP6PNxIuGfAuOOdi5Q4gLsdK4TZhPmOnMFdOIOr9xov_lpTMLi0WiRYOCa_HcJySg1pSjehvjWw3rxckjkW9mMIryJsdluGKKOH5oNL92nUrrTOlaPsZcKeGnLQQ.oNQVr_chkhS3-1N-MrQUVi44jUfVHMp-3NJUGdpHvwU&dib_tag=se&keywords=hot+sandwich&qid=1777872833&sr=8-2,https://m.media-amazon.com/images/I/710zsHZvgFL._AC_UL320_.jpg
Kenwood Sandwich Maker 3 * 1 Waffle SMM02 Black,2399.00,Best Seller,https://www.amazon.eg/-/en/Kenwood-Sandwich-Maker-Waffle-SMM02/dp/B08L6RSJJ7/ref=sr_1_3?dib=eyJ2IjoiMSJ9.3kDZ7JkT_PlsXu3Dk6jeIzgvHty31_v-FK2mt3iNqOi_a6pNxsldQM7FLDG_dSXt4LkSMFbBRS_C7qFS1XwArxUojxZL2EXu_8stuKCDXWa-pN-vEy7xM8VIw06qCfW39jtXiRxfQuf17ArwDlu0AuAz1rEns0ZYoLHr0AY6Y7_oyORuP6PNxIuGfAuOOdi5Q4gLsdK4TZhPmOnMFdOIOr9xov_lpTMLi0WiRYOCa_HcJySg1pSjehvjWw3rxckjkW9mMIryJsdluGKKOH5oNL92nUrrTOlaPsZcKeGnLQQ.oNQVr_chkhS3-1N-MrQUVi44jUfVHMp-3NJUGdpHvwU&dib_tag=se&keywords=hot+sandwich&qid=1777872833&sr=8-3,https://m.media-amazon.com/images/I/71EEagRy3KL._AC_UL320_.jpg
"Black & Decker 1400W 3-in-1 4 Slice Sandwich & Waffle Maker with 180 Degree Grill Mode with Interchangeable Plate, TS4130-B5, 2 Years Warranty",3908.23,Best Seller,https://www.amazon.eg/-/en/Decker-Sandwich-Interchangeable-TS4130-B5-Warranty/dp/B0C3PQYP74/ref=sr_1_4?dib=eyJ2IjoiMSJ9.3kDZ7JkT_PlsXu3Dk6jeIzgvHty31_v-FK2mt3iNqOi_a6pNxsldQM7FLDG_dSXt4LkSMFbBRS_C7qFS1XwArxUojxZL2EXu_8stuKCDXWa-pN-vEy7xM8VIw06qCfW39jtXiRxfQuf17ArwDlu0AuAz1rEns0ZYoLHr0AY6Y7_oyORuP6PNxIuGfAuOOdi5Q4gLsdK4TZhPmOnMFdOIOr9xov_lpTMLi0WiRYOCa_HcJySg1pSjehvjWw3rxckjkW9mMIryJsdluGKKOH5oNL92nUrrTOlaPsZcKeGnLQQ.oNQVr_chkhS3-1N-MrQUVi44jUfVHMp-3NJUGdpHvwU&dib_tag=se&keywords=hot+sandwich&qid=1777872833&sr=8-4,https://m.media-amazon.com/images/I/51KUZ09C4RL._AC_UL320_.jpg
"Black & Decker Sandwich & Grill Maker, 650-780W Power, 2in1 Interchangeable Sandwich and Grill Maker, with Indicator and Ready to Cook Lights, Non Stick Surface, Easy to Use, , TS2120-B5",3599.00,"Black & Decker Sandwich & Grill Maker, 650-780W Power, 2in1 Interchangeable Sandwich and Grill Maker, with Indicator and Ready to Cook Lights, Non Stick Surface, Easy to Use, , TS2120-B5",https://www.amazon.eg/-/en/Sandwich-650-780W-Interchangeable-Indicator-TS2120-B5/dp/B0BTDS56RY/ref=sr_1_5?dib=eyJ2IjoiMSJ9.3kDZ7JkT_PlsXu3Dk6jeIzgvHty31_v-FK2mt3iNqOi_a6pNxsldQM7FLDG_dSXt4LkSMFbBRS_C7qFS1XwArxUojxZL2EXu_8stuKCDXWa-pN-vEy7xM8VIw06qCfW39jtXiRxfQuf17ArwDlu0AuAz1rEns0ZYoLHr0AY6Y7_oyORuP6PNxIuGfAuOOdi5Q4gLsdK4TZhPmOnMFdOIOr9xov_lpTMLi0WiRYOCa_HcJySg1pSjehvjWw3rxckjkW9mMIryJsdluGKKOH5oNL92nUrrTOlaPsZcKeGnLQQ.oNQVr_chkhS3-1N-MrQUVi44jUfVHMp-3NJUGdpHvwU&dib_tag=se&keywords=hot+sandwich&qid=1777872833&sr=8-5,https://m.media-amazon.com/images/I/51Q0RayzuWL._AC_UL320_.jpg
Fresh Sandwich maker 3 * 1 750 W STS,1763.07,Fresh Sandwich maker 3 * 1 750 W STS,https://www.amazon.eg/-/en/Fresh-Sandwich-maker-750-STS/dp/B01LSOC4B4/ref=sr_1_6?dib=eyJ2IjoiMSJ9.3kDZ7JkT_PlsXu3Dk6jeIzgvHty31_v-FK2mt3iNqOi_a6pNxsldQM7FLDG_dSXt4LkSMFbBRS_C7qFS1XwArxUojxZL2EXu_8stuKCDXWa-pN-vEy7xM8VIw06qCfW39jtXiRxfQuf17ArwDlu0AuAz1rEns0ZYoLHr0AY6Y7_oyORuP6PNxIuGfAuOOdi5Q4gLsdK4TZhPmOnMFdOIOr9xov_lpTMLi0WiRYOCa_HcJySg1pSjehvjWw3rxckjkW9mMIryJsdluGKKOH5oNL92nUrrTOlaPsZcKeGnLQQ.oNQVr_chkhS3-1N-MrQUVi44jUfVHMp-3NJUGdpHvwU&dib_tag=se&keywords=hot+sandwich&qid=1777872833&sr=8-6,https://m.media-amazon.com/images/I/61+SW4vAurL._AC_UL320_.jpg
"Philips 3000 Series Sandwich Maker, 750W, Non-Stick Plates, Black, Panini and Toast Grill, Lockable Lid, Indicator Lights, Compact Design for Quick and Easy Sandwiches – HD2330/90",2100.00,"Philips 3000 Series Sandwich Maker, 750W, Non-Stick Plates, Black, Panini and Toast Grill, Lockable Lid, Indicator Lights, Compact Design for Quick and Easy Sandwiches – HD2330/90",https://www.amazon.eg/-/en/Philips-Sandwich-Non-Stick-Indicator-Sandwiches/dp/B0DT9P6L7X/ref=sr_1_7?dib=eyJ2IjoiMSJ9.3kDZ7JkT_PlsXu3Dk6jeIzgvHty31_v-FK2mt3iNqOi_a6pNxsldQM7FLDG_dSXt4LkSMFbBRS_C7qFS1XwArxUojxZL2EXu_8stuKCDXWa-pN-vEy7xM8VIw06qCfW39jtXiRxfQuf17ArwDlu0AuAz1rEns0ZYoLHr0AY6Y7_oyORuP6PNxIuGfAuOOdi5Q4gLsdK4TZhPmOnMFdOIOr9xov_lpTMLi0WiRYOCa_HcJySg1pSjehvjWw3rxckjkW9mMIryJsdluGKKOH5oNL92nUrrTOlaPsZcKeGnLQQ.oNQVr_chkhS3-1N-MrQUVi44jUfVHMp-3NJUGdpHvwU&dib_tag=se&keywords=hot+sandwich&qid=1777872833&sr=8-7,https://m.media-amazon.com/images/I/51QH8R03GgL._AC_UL320_.jpg
"Sandwich Maker, 2000W, Non-stick Aluminium Plates, Automatic Temperature Control, Model JMK2030",689.00,"Sandwich Maker, 2000W, Non-stick Aluminium Plates, Automatic Temperature Control, Model JMK2030",https://www.amazon.eg/-/en/Sandwich-Non-stick-Aluminium-Automatic-Temperature/dp/B0FN7PXQ7H/ref=sr_1_8?dib=eyJ2IjoiMSJ9.3kDZ7JkT_PlsXu3Dk6jeIzgvHty31_v-FK2mt3iNqOi_a6pNxsldQM7FLDG_dSXt4LkSMFbBRS_C7qFS1XwArxUojxZL2EXu_8stuKCDXWa-pN-vEy7xM8VIw06qCfW39jtXiRxfQuf17ArwDlu0AuAz1rEns0ZYoLHr0AY6Y7_oyORuP6PNxIuGfAuOOdi5Q4gLsdK4TZhPmOnMFdOIOr9xov_lpTMLi0WiRYOCa_HcJySg1pSjehvjWw3rxckjkW9mMIryJsdluGKKOH5oNL92nUrrTOlaPsZcKeGnLQQ.oNQVr_chkhS3-1N-MrQUVi44jUfVHMp-3NJUGdpHvwU&dib_tag=se&keywords=hot+sandwich&qid=1777872833&sr=8-8,https://m.media-amazon.com/images/I/41CdvOV2lUL._AC_UL320_.jpg
"City Sandwich Maker, Non-Stick Granite Coated Plate, Bakelite Body, Overheat Protection, Easy to Use Electric 750W with Indicator Light, HMA-1005",698.00,"City Sandwich Maker, Non-Stick Granite Coated Plate, Bakelite Body, Overheat Protection, Easy to Use Electric 750W with Indicator Light, HMA-1005",https://www.amazon.eg/-/en/Sandwich-Non-Stick-Bakelite-Protection-Indicator/dp/B0DFHDLTZ2/ref=sr_1_9?dib=eyJ2IjoiMSJ9.3kDZ7JkT_PlsXu3Dk6jeIzgvHty31_v-FK2mt3iNqOi_a6pNxsldQM7FLDG_dSXt4LkSMFbBRS_C7qFS1XwArxUojxZL2EXu_8stuKCDXWa-pN-vEy7xM8VIw06qCfW39jtXiRxfQuf17ArwDlu0AuAz1rEns0ZYoLHr0AY6Y7_oyORuP6PNxIuGfAuOOdi5Q4gLsdK4TZhPmOnMFdOIOr9xov_lpTMLi0WiRYOCa_HcJySg1pSjehvjWw3rxckjkW9mMIryJsdluGKKOH5oNL92nUrrTOlaPsZcKeGnLQQ.oNQVr_chkhS3-1N-MrQUVi44jUfVHMp-3NJUGdpHvwU&dib_tag=se&keywords=hot+sandwich&qid=1777872833&sr=8-9,https://m.media-amazon.com/images/I/51JTSlPRW9L._AC_UL320_.jpg
Fresh Sandwich maker 3 * 1 1000 W,2299.00,Fresh Sandwich maker 3 * 1 1000 W,https://www.amazon.eg/-/en/Fresh-Sandwich-maker-3-1000/dp/B01LSOC5SG/ref=sr_1_10?dib=eyJ2IjoiMSJ9.3kDZ7JkT_PlsXu3Dk6jeIzgvHty31_v-FK2mt3iNqOi_a6pNxsldQM7FLDG_dSXt4LkSMFbBRS_C7qFS1XwArxUojxZL2EXu_8stuKCDXWa-pN-vEy7xM8VIw06qCfW39jtXiRxfQuf17ArwDlu0AuAz1rEns0ZYoLHr0AY6Y7_oyORuP6PNxIuGfAuOOdi5Q4gLsdK4TZhPmOnMFdOIOr9xov_lpTMLi0WiRYOCa_HcJySg1pSjehvjWw3rxckjkW9mMIryJsdluGKKOH5oNL92nUrrTOlaPsZcKeGnLQQ.oNQVr_chkhS3-1N-MrQUVi44jUfVHMp-3NJUGdpHvwU&dib_tag=se&keywords=hot+sandwich&qid=1777872833&sr=8-10,https://m.media-amazon.com/images/I/61qh7bbmBzL._AC_UL320_.jpg
